,Result,StartLineNum,Detail,TimeCost
0,Normal,2,1,0.49323129653930664
1,Anomaly,2,1,0.4190049171447754
2,Anomaly,2,1,0.4331643581390381
3,Normal,2,1,0.4711489677429199
4,Normal,2,1,0.4629957675933838
5,Normal,2,1,0.46969056129455566
6,Anomaly,2,1,0.45351433753967285
7,Normal,2,1,0.4195125102996826
8,Normal,2,1,0.4052093029022217
9,Anomaly,2,1,0.43886327743530273
10,Normal,2,1,0.41876983642578125
11,Anomaly,2,1,0.4822390079498291
12,Anomaly,2,1,0.4590461254119873
13,Normal,2,1,0.4632992744445801
14,Anomaly,2,1,0.4200277328491211
15,Anomaly,2,1,0.4213259220123291
16,Normal,2,1,0.42310547828674316
17,Normal,2,1,0.4098992347717285
18,Normal,2,1,0.40617823600769043
19,Normal,2,1,0.4648416042327881
20,Normal,2,1,0.46981358528137207
21,Anomaly,2,1,0.4572453498840332
22,Anomaly,2,1,0.4643211364746094
23,Anomaly,2,1,0.42842984199523926
24,Anomaly,2,1,0.4108848571777344
25,Anomaly,2,1,0.41931962966918945
26,Anomaly,2,1,0.42374515533447266
27,Anomaly,2,1,0.46354055404663086
28,Anomaly,2,1,0.4667384624481201
29,Anomaly,2,1,0.45923280715942383
30,Anomaly,2,1,0.4615001678466797
31,Anomaly,2,1,0.4601426124572754
32,Anomaly,2,1,0.42070770263671875
33,Anomaly,2,1,0.4141566753387451
34,Anomaly,2,1,0.4248840808868408
35,Normal,2,1,0.41297197341918945
36,Normal,2,1,0.4729344844818115
37,Anomaly,2,1,0.46857666969299316
38,Anomaly,2,1,0.46219897270202637
39,Normal,2,1,0.43783068656921387
40,Normal,2,1,0.4721643924713135
41,Normal,2,1,0.463451623916626
42,Normal,2,1,0.45682287216186523
43,Anomaly,2,1,0.4379563331604004
44,Anomaly,2,1,0.46508193016052246
45,Anomaly,2,1,0.5537409782409668
46,Normal,2,1,0.4694802761077881
47,Normal,2,1,0.46265649795532227
48,Normal,2,1,0.45546841621398926
49,Anomaly,2,1,0.49602770805358887
50,Normal,2,1,0.4683365821838379
51,Normal,2,1,0.4626810550689697
52,Anomaly,2,1,0.5390772819519043
53,Anomaly,2,1,0.47507476806640625
54,Anomaly,2,1,0.4602999687194824
55,Normal,2,1,0.469862699508667
56,Normal,2,1,0.550966739654541
57,Anomaly,2,1,0.4611201286315918
58,Anomaly,2,1,0.45879149436950684
59,Anomaly,2,1,0.4671745300292969
60,Normal,2,1,0.41771912574768066
61,Normal,2,1,0.48975491523742676
62,Normal,2,1,0.4670686721801758
63,Normal,2,1,0.5011982917785645
64,Normal,2,1,0.4717221260070801
65,Normal,2,1,0.46344542503356934
66,Normal,2,1,0.45496463775634766
67,Normal,2,1,0.46058034896850586
68,Normal,2,1,0.5027501583099365
69,Anomaly,2,1,0.4664275646209717
70,Normal,2,1,0.4678986072540283
71,Anomaly,2,1,0.4691348075866699
72,Normal,2,1,0.479445219039917
73,Normal,2,1,0.4595527648925781
74,Anomaly,2,1,0.45673036575317383
75,Normal,2,1,0.4142448902130127
76,Normal,2,1,0.4799327850341797
77,Normal,2,1,0.46446776390075684
78,Normal,2,1,0.4553110599517822
79,Normal,2,1,0.47654151916503906
80,Normal,2,1,0.4590938091278076
81,Normal,2,1,0.4775104522705078
82,Anomaly,2,1,0.46789002418518066
83,Normal,2,1,0.4669671058654785
84,Normal,2,1,0.42636585235595703
85,Normal,2,1,0.4349842071533203
86,Anomaly,2,1,0.4172961711883545
87,Normal,2,1,0.46689796447753906
88,Normal,2,1,0.464038610458374
89,Normal,2,1,0.45780491828918457
90,Normal,2,1,0.4607067108154297
91,Normal,2,1,0.5308668613433838
92,Normal,2,1,0.47176527976989746
93,Normal,2,1,0.4629073143005371
94,Normal,2,1,0.4514129161834717
95,Anomaly,2,1,0.4604647159576416
96,Normal,2,1,0.4655609130859375
97,Normal,2,1,0.47486209869384766
98,Normal,2,1,0.5574054718017578
99,Normal,2,1,0.47124338150024414
100,Normal,2,1,0.4624979496002197
101,Normal,2,1,0.44200563430786133
102,Normal,2,1,0.4804823398590088
103,Normal,2,1,0.5517799854278564
104,Normal,2,1,0.4289226531982422
105,Normal,2,1,0.47475552558898926
106,Normal,2,1,0.48270487785339355
107,Normal,2,1,0.4662175178527832
108,Normal,2,1,0.46018338203430176
109,Normal,2,1,0.47469615936279297
110,Normal,2,1,0.46645545959472656
111,Normal,2,1,0.4599275588989258
112,Normal,2,1,0.4850809574127197
113,Normal,2,1,0.47822141647338867
114,Normal,2,1,0.4312427043914795
115,Normal,2,1,0.48495030403137207
116,Normal,2,1,0.4632911682128906
117,Normal,2,1,0.4762299060821533
118,Normal,2,1,0.43590521812438965
119,Normal,2,1,0.47373175621032715
120,Normal,2,1,0.47447848320007324
121,Normal,2,1,0.45581841468811035
122,Normal,2,1,0.4657583236694336
123,Normal,2,1,0.4891238212585449
124,Normal,2,1,0.47658586502075195
125,Normal,2,1,0.5015041828155518
126,Normal,2,1,0.4633955955505371
127,Normal,2,1,0.46830320358276367
128,Normal,2,1,0.46378540992736816
129,Normal,2,1,0.45508313179016113
130,Anomaly,2,1,0.4271578788757324
131,Normal,2,1,0.5019464492797852
132,Anomaly,2,1,0.4745814800262451
133,Normal,2,1,0.4588289260864258
134,Normal,2,1,0.46511268615722656
135,Anomaly,2,1,0.4208395481109619
136,Normal,2,1,0.4872264862060547
137,Normal,2,1,0.4690060615539551
138,Anomaly,2,1,0.46283483505249023
139,Anomaly,2,1,0.507171630859375
140,Normal,2,1,0.46616625785827637
141,Normal,2,1,0.46478819847106934
142,Normal,2,1,0.46527957916259766
143,Anomaly,2,1,0.4243793487548828
144,Anomaly,2,1,0.46764326095581055
145,Normal,2,1,0.4736614227294922
146,Normal,2,1,0.46334290504455566
147,Normal,2,1,0.42265772819519043
148,Normal,2,1,0.42229413986206055
149,Normal,2,1,0.46160125732421875
150,Anomaly,2,1,0.3799777030944824
151,Normal,2,1,0.4781479835510254
152,Normal,2,1,0.4653182029724121
153,Normal,2,1,0.47366929054260254
154,Normal,2,1,0.4946873188018799
155,Normal,2,1,0.4700031280517578
156,Normal,2,1,0.4540870189666748
157,Normal,2,1,0.5430588722229004
158,Normal,2,1,0.4580345153808594
159,Normal,2,1,0.4716801643371582
160,Normal,2,1,0.46695995330810547
161,Normal,2,1,0.4760251045227051
162,Anomaly,2,1,0.5218629837036133
163,Normal,2,1,0.4769890308380127
164,Anomaly,2,1,0.46816515922546387
165,Normal,2,1,0.4061551094055176
166,Normal,2,1,0.42134833335876465
167,Normal,2,1,0.4226236343383789
168,Normal,2,1,0.4571101665496826
169,Normal,2,1,0.48056650161743164
170,Normal,2,1,0.4623379707336426
171,Normal,2,1,0.4036071300506592
172,Normal,2,1,0.4583926200866699
173,Normal,2,1,0.46138715744018555
174,Normal,2,1,0.5465695858001709
175,Normal,2,1,0.5543053150177002
176,Normal,2,1,0.45531702041625977
177,Normal,2,1,0.42897891998291016
178,Anomaly,2,1,0.42912793159484863
179,Normal,2,1,0.42235589027404785
180,Normal,2,1,0.4232008457183838
181,Normal,2,1,0.40396761894226074
182,Normal,2,1,0.4689488410949707
183,Anomaly,2,1,0.4747350215911865
184,Anomaly,2,1,0.4549868106842041
185,Normal,2,1,0.46700429916381836
186,Normal,2,1,0.4440889358520508
187,Anomaly,2,1,0.4649064540863037
188,Normal,2,1,0.4652135372161865
189,Anomaly,2,1,0.48851847648620605
190,Normal,2,1,0.46835970878601074
191,Normal,2,1,0.478440523147583
192,Normal,2,1,0.46399521827697754
193,Normal,2,1,0.48577213287353516
194,Normal,2,1,0.4799647331237793
195,Normal,2,1,0.45896410942077637
196,Normal,2,1,0.4257369041442871
197,Anomaly,2,1,0.4581482410430908
198,Normal,2,1,0.5045568943023682
199,Normal,2,1,0.5243661403656006
200,Normal,2,1,0.4726521968841553
201,Normal,2,1,0.5501441955566406
202,Anomaly,2,1,0.3781132698059082
203,Normal,2,1,0.4569723606109619
204,Normal,2,1,0.4542677402496338
205,Normal,2,1,0.521331787109375
206,Normal,2,1,0.4567086696624756
207,Normal,2,1,0.46940088272094727
208,Normal,2,1,0.46965765953063965
209,Normal,2,1,0.4906344413757324
210,Normal,2,1,0.49517130851745605
211,Anomaly,2,1,0.42506933212280273
212,Normal,2,1,0.45266056060791016
213,Normal,2,1,0.5319900512695312
214,Normal,2,1,0.47827768325805664
215,Normal,2,1,0.45542359352111816
216,Normal,2,1,0.4513561725616455
217,Normal,2,1,0.4520456790924072
218,Normal,2,1,0.4463226795196533
219,Normal,2,1,0.46811413764953613
220,Normal,2,1,0.5247538089752197
221,Normal,2,1,0.49210095405578613
222,Normal,2,1,0.46607041358947754
223,Normal,2,1,0.4659156799316406
224,Anomaly,2,1,0.4356110095977783
225,Normal,2,1,0.4699697494506836
226,Normal,2,1,0.4844095706939697
227,Normal,2,1,0.42751407623291016
228,Anomaly,2,1,0.48278069496154785
229,Normal,2,1,0.4688553810119629
230,Normal,2,1,0.4694252014160156
231,Normal,2,1,0.4832496643066406
232,Normal,2,1,0.46500062942504883
233,Normal,2,1,0.47133946418762207
234,Normal,2,1,0.46738290786743164
235,Normal,2,1,0.5006639957427979
236,Normal,2,1,0.48270559310913086
237,Normal,2,1,0.44774365425109863
238,Normal,2,1,0.4209103584289551
239,Normal,2,1,0.47986865043640137
240,Normal,2,1,0.4743189811706543
241,Normal,2,1,0.6303372383117676
242,Normal,2,1,0.4675018787384033
243,Anomaly,2,1,0.4620373249053955
244,Normal,2,1,0.46959638595581055
245,Anomaly,2,1,0.47588396072387695
246,Normal,2,1,0.5582027435302734
247,Normal,2,1,0.456744909286499
248,Normal,2,1,0.4290289878845215
249,Normal,2,1,0.469667911529541
250,Normal,2,1,0.4534296989440918
251,Normal,2,1,0.437361478805542
252,Normal,2,1,0.48471784591674805
253,Normal,2,1,0.4552736282348633
254,Normal,2,1,0.4627659320831299
255,Normal,2,1,0.45302534103393555
256,Anomaly,2,1,0.4641387462615967
257,Normal,2,1,0.43012070655822754
258,Anomaly,2,1,0.4756343364715576
259,Normal,2,1,0.4671056270599365
260,Normal,2,1,0.46389055252075195
261,Normal,2,1,0.45141029357910156
262,Normal,2,1,0.4690871238708496
263,Normal,2,1,0.40949463844299316
264,Normal,2,1,0.406461238861084
265,Normal,2,1,0.42449498176574707
266,Anomaly,2,1,0.4555938243865967
267,Normal,2,1,0.4578557014465332
268,Normal,2,1,0.46838974952697754
269,Normal,2,1,0.43494296073913574
270,Normal,2,1,0.4759049415588379
271,Normal,2,1,0.4650411605834961
272,Normal,2,1,0.46901416778564453
273,Normal,2,1,0.4478573799133301
274,Normal,2,1,0.5012130737304688
275,Normal,2,1,0.47467660903930664
276,Anomaly,2,1,0.4618651866912842
277,Normal,2,1,0.4295997619628906
278,Normal,2,1,0.425140380859375
279,Normal,2,1,0.47826337814331055
280,Normal,2,1,0.4640026092529297
281,Anomaly,2,1,0.45443081855773926
282,Anomaly,2,1,0.4865398406982422
283,Normal,2,1,0.47501230239868164
284,Normal,2,1,0.49577999114990234
285,Anomaly,2,1,0.4623136520385742
286,Normal,2,1,0.47904205322265625
287,Normal,2,1,0.4638216495513916
288,Normal,2,1,0.48163747787475586
289,Anomaly,2,1,0.45241284370422363
290,Normal,2,1,0.411243200302124
291,Normal,2,1,0.40482139587402344
292,Normal,2,1,0.4297947883605957
293,Normal,2,1,0.470653772354126
294,Normal,2,1,0.47108983993530273
295,Anomaly,2,1,0.45700931549072266
296,Normal,2,1,0.4717295169830322
297,Normal,2,1,0.43019604682922363
298,Normal,2,1,0.4250166416168213
299,Anomaly,2,1,0.4030492305755615
300,Normal,2,1,0.4899325370788574
301,Anomaly,2,1,0.46819567680358887
302,Normal,2,1,0.4417433738708496
303,Normal,2,1,0.4731719493865967
304,Normal,2,1,0.46675896644592285
305,Normal,2,1,0.44548940658569336
306,Normal,2,1,0.4528977870941162
307,Anomaly,2,1,0.43969297409057617
308,Normal,2,1,0.4789297580718994
309,Anomaly,2,1,0.5242578983306885
310,Normal,2,1,0.40781521797180176
311,Normal,2,1,0.46564269065856934
312,Normal,2,1,0.46518468856811523
313,Anomaly,2,1,0.45584988594055176
314,Normal,2,1,0.47168850898742676
315,Normal,2,1,0.40841150283813477
316,Normal,2,1,0.4685990810394287
317,Normal,2,1,0.46677589416503906
318,Normal,2,1,0.47229480743408203
319,Normal,2,1,0.4241814613342285
320,Anomaly,2,1,0.41339755058288574
321,Normal,2,1,0.4663982391357422
322,Anomaly,2,1,0.46872520446777344
323,Normal,2,1,0.4600846767425537
324,Anomaly,2,1,0.47513914108276367
325,Normal,2,1,0.4642360210418701
326,Normal,2,1,0.46922993659973145
327,Normal,2,1,0.4241781234741211
328,Normal,2,1,0.40988993644714355
329,Normal,2,1,0.4815249443054199
330,Normal,2,1,0.47452664375305176
331,Normal,2,1,0.45448756217956543
332,Normal,2,1,0.4570293426513672
333,Normal,2,1,0.43203306198120117
334,Anomaly,2,1,0.41490912437438965
335,Normal,2,1,0.4869673252105713
336,Normal,2,1,0.45573902130126953
337,Normal,2,1,0.45561766624450684
338,Anomaly,2,1,0.46760988235473633
339,Anomaly,2,1,0.4976325035095215
340,Normal,2,1,0.47433996200561523
341,Anomaly,2,1,0.46478700637817383
342,Normal,2,1,0.42893362045288086
343,Normal,2,1,0.477466344833374
344,Anomaly,2,1,0.4818863868713379
345,Normal,2,1,0.45670247077941895
346,Normal,2,1,0.42470335960388184
347,Normal,2,1,0.47060370445251465
348,Normal,2,1,0.47588038444519043
349,Anomaly,2,1,0.44318151473999023
350,Normal,2,1,0.47452831268310547
351,Normal,2,1,0.4770057201385498
352,Normal,2,1,0.42630958557128906
353,Anomaly,2,1,0.42893290519714355
354,Normal,2,1,0.47522425651550293
355,Normal,2,1,0.46702051162719727
356,Anomaly,2,1,0.466522216796875
357,Normal,2,1,0.4293336868286133
358,Normal,2,1,0.42836904525756836
359,Anomaly,2,1,0.42722249031066895
360,Normal,2,1,0.4200439453125
361,Normal,2,1,0.4906890392303467
362,Normal,2,1,0.41860246658325195
363,Normal,2,1,0.3908271789550781
364,Anomaly,2,1,0.4975240230560303
365,Normal,2,1,0.5468921661376953
366,Normal,2,1,0.40651750564575195
367,Normal,2,1,0.544102668762207
368,Normal,2,1,0.4626126289367676
369,Anomaly,2,1,0.45845460891723633
370,Anomaly,2,1,0.46901583671569824
371,Normal,2,1,0.402446985244751
372,Normal,2,1,0.40691423416137695
373,Normal,2,1,0.4694023132324219
374,Normal,2,1,0.5437788963317871
375,Normal,2,1,0.46985292434692383
376,Anomaly,2,1,0.47010302543640137
377,Normal,2,1,0.43468785285949707
378,Anomaly,2,1,0.4645230770111084
379,Anomaly,2,1,0.536078691482544
380,Anomaly,2,1,0.4717745780944824
381,Normal,2,1,0.46117520332336426
382,Normal,2,1,0.4699215888977051
383,Normal,2,1,0.3986625671386719
384,Anomaly,2,1,0.49388647079467773
385,Normal,2,1,0.40453243255615234
386,Normal,2,1,0.4695303440093994
387,Normal,2,1,0.4017951488494873
388,Anomaly,2,1,0.46518421173095703
389,Normal,2,1,0.46815013885498047
390,Normal,2,1,0.46607422828674316
391,Normal,2,1,0.45797181129455566
392,Normal,2,1,0.4945666790008545
393,Anomaly,2,1,0.46976208686828613
394,Normal,2,1,0.5374398231506348
395,Normal,2,1,0.46857428550720215
396,Normal,2,1,0.466266393661499
397,Anomaly,2,1,0.45160627365112305
398,Normal,2,1,0.4668917655944824
399,Normal,2,1,0.47075843811035156
400,Normal,2,1,0.48237061500549316
401,Anomaly,2,1,0.4597330093383789
402,Normal,2,1,0.471668004989624
403,Normal,2,1,0.5578818321228027
404,Normal,2,1,0.42096567153930664
405,Normal,2,1,0.4750330448150635
406,Normal,2,1,0.4732990264892578
407,Anomaly,2,1,0.42308521270751953
408,Anomaly,2,1,0.420391321182251
409,Normal,2,1,0.4214756488800049
410,Anomaly,2,1,0.43483853340148926
411,Normal,2,1,0.46472644805908203
412,Anomaly,2,1,0.47980213165283203
413,Normal,2,1,0.4223027229309082
414,Normal,2,1,0.4725377559661865
415,Normal,2,1,0.46787548065185547
416,Normal,2,1,0.4649941921234131
417,Normal,2,1,0.4639892578125
418,Normal,2,1,0.4879429340362549
419,Normal,2,1,0.4717247486114502
420,Anomaly,2,1,0.46285223960876465
421,Normal,2,1,0.46663355827331543
422,Normal,2,1,0.4205644130706787
423,Normal,2,1,0.4299023151397705
424,Normal,2,1,0.4676957130432129
425,Normal,2,1,0.469287633895874
426,Normal,2,1,0.4637796878814697
427,Normal,2,1,0.4275977611541748
428,Normal,2,1,0.4369008541107178
429,Normal,2,1,0.41815185546875
430,Normal,2,1,0.4657144546508789
431,Anomaly,2,1,0.4675455093383789
432,Normal,2,1,0.46643900871276855
433,Anomaly,2,1,0.5010464191436768
434,Normal,2,1,0.4612267017364502
435,Normal,2,1,0.46444225311279297
436,Normal,2,1,0.4648134708404541
437,Anomaly,2,1,0.5019805431365967
438,Normal,2,1,0.4667012691497803
439,Normal,2,1,0.4699819087982178
440,Normal,2,1,0.46213388442993164
441,Anomaly,2,1,0.49587392807006836
442,Normal,2,1,0.47556352615356445
443,Normal,2,1,0.4572622776031494
444,Normal,2,1,0.49575209617614746
445,Normal,2,1,0.46710705757141113
446,Normal,2,1,0.46886348724365234
447,Normal,2,1,0.4651679992675781
448,Normal,2,1,0.46775293350219727
449,Normal,2,1,0.562673807144165
450,Anomaly,2,1,0.45546960830688477
451,Normal,2,1,0.4822068214416504
452,Normal,2,1,0.4808528423309326
453,Normal,2,1,0.561774492263794
454,Normal,2,1,0.49538564682006836
455,Normal,2,1,0.5689976215362549
456,Normal,2,1,0.47931385040283203
457,Normal,2,1,0.4084599018096924
458,Normal,2,1,0.4275400638580322
459,Normal,2,1,0.48054933547973633
460,Normal,2,1,0.4634666442871094
461,Normal,2,1,0.41399478912353516
462,Normal,2,1,0.43055176734924316
463,Normal,2,1,0.475261926651001
464,Normal,2,1,0.4592854976654053
465,Anomaly,2,1,0.4639291763305664
466,Normal,2,1,0.469510555267334
467,Normal,2,1,0.4771082401275635
468,Normal,2,1,0.4665496349334717
469,Normal,2,1,0.4708704948425293
470,Normal,2,1,0.5596923828125
471,Anomaly,2,1,0.42439794540405273
472,Normal,2,1,0.4807553291320801
473,Normal,2,1,0.466066837310791
474,Normal,2,1,0.4680905342102051
475,Normal,2,1,0.4712522029876709
476,Normal,2,1,0.4748966693878174
477,Normal,2,1,0.42232346534729004
478,Normal,2,1,0.4789755344390869
479,Normal,2,1,0.47103238105773926
480,Normal,2,1,0.4096353054046631
481,Normal,2,1,0.47615742683410645
482,Normal,2,1,0.4605731964111328
483,Normal,2,1,0.4707334041595459
484,Normal,2,1,0.4607090950012207
485,Normal,2,1,0.4967496395111084
486,Normal,2,1,0.47125887870788574
487,Normal,2,1,0.4600863456726074
488,Normal,2,1,0.46537303924560547
489,Normal,2,1,0.47712063789367676
490,Normal,2,1,0.48439860343933105
491,Normal,2,1,0.41702699661254883
492,Anomaly,2,1,0.41062283515930176
493,Normal,2,1,0.475679874420166
494,Normal,2,1,0.4616844654083252
495,Normal,2,1,0.46669697761535645
496,Normal,2,1,0.4634695053100586
497,Normal,2,1,0.5269865989685059
498,Normal,2,1,0.4707953929901123
499,Normal,2,1,0.4749908447265625
500,Normal,2,1,0.40961241722106934
501,Normal,2,1,0.4884934425354004
502,Normal,2,1,0.45786094665527344
503,Normal,2,1,0.49628257751464844
504,Normal,2,1,0.47542309761047363
505,Normal,2,1,0.46799778938293457
506,Normal,2,1,0.47614336013793945
507,Normal,2,1,0.47273683547973633
508,Normal,2,1,0.46393775939941406
509,Normal,2,1,0.4202306270599365
510,Normal,2,1,0.42445826530456543
511,Normal,2,1,0.46510934829711914
512,Normal,2,1,0.46817612648010254
513,Normal,2,1,0.47303318977355957
514,Normal,2,1,0.4555819034576416
515,Normal,2,1,0.45963001251220703
516,Normal,2,1,0.46538448333740234
517,Normal,2,1,0.47794461250305176
518,Normal,2,1,0.47429370880126953
519,Normal,2,1,0.45992159843444824
520,Normal,2,1,0.5214612483978271
521,Normal,2,1,0.485302209854126
522,Normal,2,1,0.4868922233581543
523,Normal,2,1,0.4543468952178955
524,Normal,2,1,0.4579477310180664
525,Normal,2,1,0.45780491828918457
526,Anomaly,2,1,0.4572947025299072
527,Anomaly,2,1,0.4575648307800293
528,Normal,2,1,0.43413257598876953
529,Normal,2,1,0.4829549789428711
530,Normal,2,1,0.47336721420288086
531,Normal,2,1,0.47106313705444336
532,Normal,2,1,0.48645615577697754
533,Normal,2,1,0.4614830017089844
534,Normal,2,1,0.460665225982666
535,Normal,2,1,0.46216368675231934
536,Normal,2,1,0.42546606063842773
537,Anomaly,2,1,0.41405153274536133
538,Normal,2,1,0.48717665672302246
539,Normal,2,1,0.46401429176330566
540,Normal,2,1,0.4557039737701416
541,Normal,2,1,0.46130943298339844
542,Normal,2,1,0.43387579917907715
543,Normal,2,1,0.4810047149658203
544,Normal,2,1,0.4716763496398926
545,Normal,2,1,0.4658997058868408
546,Anomaly,2,1,0.4309253692626953
547,Normal,2,1,0.5164546966552734
548,Anomaly,2,1,0.4575319290161133
549,Normal,2,1,0.4342513084411621
550,Normal,2,1,0.417863130569458
551,Normal,2,1,0.4714188575744629
552,Normal,2,1,0.46602797508239746
553,Normal,2,1,0.4625818729400635
554,Anomaly,2,1,0.6315553188323975
555,Normal,2,1,0.4699532985687256
556,Normal,2,1,0.4586317539215088
557,Normal,2,1,0.46158266067504883
558,Normal,2,1,0.46840524673461914
559,Normal,2,1,0.4728996753692627
560,Anomaly,2,1,0.4612414836883545
561,Normal,2,1,0.4320862293243408
562,Normal,2,1,0.46396756172180176
563,Anomaly,2,1,0.47963786125183105
564,Normal,2,1,0.45737791061401367
565,Normal,2,1,0.4610464572906494
566,Normal,2,1,0.41302037239074707
567,Anomaly,2,1,0.4937739372253418
568,Normal,2,1,0.4743809700012207
569,Normal,2,1,0.46677231788635254
570,Normal,2,1,0.4736666679382324
571,Normal,2,1,0.48473644256591797
572,Normal,2,1,0.4294397830963135
573,Normal,2,1,0.4181191921234131
574,Normal,2,1,0.4673192501068115
575,Normal,2,1,0.46793389320373535
576,Normal,2,1,0.4602625370025635
577,Normal,2,1,0.46483469009399414
578,Anomaly,2,1,0.4913902282714844
579,Normal,2,1,0.47469162940979004
580,Normal,2,1,0.46011853218078613
581,Anomaly,2,1,0.41744232177734375
582,Anomaly,2,1,0.42641210556030273
583,Normal,2,1,0.4214000701904297
584,Normal,2,1,0.47316837310791016
585,Anomaly,2,1,0.4651761054992676
586,Normal,2,1,0.46190381050109863
587,Normal,2,1,0.48571014404296875
588,Normal,2,1,0.46979689598083496
589,Normal,2,1,0.4694640636444092
590,Normal,2,1,0.4612603187561035
591,Normal,2,1,0.41840648651123047
592,Anomaly,2,1,0.48152637481689453
593,Normal,2,1,0.46718525886535645
594,Normal,2,1,0.5598673820495605
595,Normal,2,1,0.4627509117126465
596,Anomaly,2,1,0.47049570083618164
597,Normal,2,1,0.4874610900878906
598,Normal,2,1,0.4773545265197754
599,Anomaly,2,1,0.5476088523864746
600,Normal,2,1,0.5295412540435791
601,Normal,2,1,0.48125267028808594
602,Normal,2,1,0.4690837860107422
603,Normal,2,1,0.4628446102142334
604,Normal,2,1,0.4590747356414795
605,Anomaly,2,1,0.4611368179321289
606,Anomaly,2,1,0.42586255073547363
607,Normal,2,1,0.492476224899292
608,Normal,2,1,0.48403334617614746
609,Normal,2,1,0.4921448230743408
610,Normal,2,1,0.47075390815734863
611,Normal,2,1,0.4663207530975342
612,Normal,2,1,0.433380126953125
613,Normal,2,1,0.4837965965270996
614,Normal,2,1,0.46044039726257324
615,Normal,2,1,0.41358399391174316
616,Normal,2,1,0.43095874786376953
617,Normal,2,1,0.4627196788787842
618,Anomaly,2,1,0.4559824466705322
619,Normal,2,1,0.4583761692047119
620,Normal,2,1,0.4675576686859131
621,Anomaly,2,1,0.46522974967956543
622,Normal,2,1,0.4196739196777344
623,Normal,2,1,0.4616262912750244
624,Normal,2,1,0.4590120315551758
625,Normal,2,1,0.4737420082092285
626,Normal,2,1,0.45284128189086914
627,Normal,2,1,0.4258279800415039
628,Normal,2,1,0.42340755462646484
629,Normal,2,1,0.47528719902038574
630,Normal,2,1,0.464672327041626
631,Normal,2,1,0.4538559913635254
632,Normal,2,1,0.45627307891845703
633,Anomaly,2,1,0.45421528816223145
634,Normal,2,1,0.4706735610961914
635,Normal,2,1,0.4924468994140625
636,Normal,2,1,0.47437286376953125
637,Normal,2,1,0.47056150436401367
638,Normal,2,1,0.46817445755004883
639,Normal,2,1,0.4488062858581543
640,Anomaly,2,1,0.47350120544433594
641,Normal,2,1,0.4786102771759033
642,Normal,2,1,0.47988224029541016
643,Normal,2,1,0.47438526153564453
644,Normal,2,1,0.43415021896362305
645,Normal,2,1,0.405472993850708
646,Normal,2,1,0.4072299003601074
647,Normal,2,1,0.4269092082977295
648,Anomaly,2,1,0.5545389652252197
649,Normal,2,1,0.4607987403869629
650,Normal,2,1,0.46431994438171387
651,Normal,2,1,0.4608011245727539
652,Anomaly,2,1,0.45737433433532715
653,Anomaly,2,1,0.45872926712036133
654,Normal,2,1,0.46041059494018555
655,Normal,2,1,0.459944486618042
656,Normal,2,1,0.45655393600463867
657,Normal,2,1,0.42419934272766113
658,Normal,2,1,0.48820924758911133
659,Normal,2,1,0.4642016887664795
660,Normal,2,1,0.485731840133667
661,Anomaly,2,1,0.4503211975097656
662,Normal,2,1,0.4609365463256836
663,Normal,2,1,0.4571950435638428
664,Normal,2,1,0.453204870223999
665,Normal,2,1,0.4603886604309082
666,Normal,2,1,0.46629786491394043
667,Normal,2,1,0.4329349994659424
668,Normal,2,1,0.41295576095581055
669,Anomaly,2,1,0.4725151062011719
670,Normal,2,1,0.46990370750427246
671,Normal,2,1,0.4277074337005615
672,Anomaly,2,1,0.4798121452331543
673,Normal,2,1,0.4686431884765625
674,Normal,2,1,0.5404233932495117
675,Anomaly,2,1,0.46868085861206055
676,Normal,2,1,0.47130703926086426
677,Normal,2,1,0.45002245903015137
678,Normal,2,1,0.4184253215789795
679,Normal,2,1,0.46649694442749023
680,Normal,2,1,0.4684176445007324
681,Normal,2,1,0.44286298751831055
682,Normal,2,1,0.46293091773986816
683,Normal,2,1,0.46836280822753906
684,Normal,2,1,0.5322108268737793
685,Normal,2,1,0.5645589828491211
686,Anomaly,2,1,0.460644006729126
687,Normal,2,1,0.4818239212036133
688,Normal,2,1,0.4694058895111084
689,Normal,2,1,0.4633338451385498
690,Normal,2,1,0.4583241939544678
691,Normal,2,1,0.5051331520080566
692,Normal,2,1,0.5650994777679443
693,Normal,2,1,0.4951605796813965
694,Normal,2,1,0.5350682735443115
695,Normal,2,1,0.46671485900878906
696,Normal,2,1,0.4647481441497803
697,Normal,2,1,0.4727959632873535
698,Anomaly,2,1,0.48096537590026855
699,Normal,2,1,0.4802591800689697
700,Anomaly,2,1,0.45649099349975586
701,Normal,2,1,0.5024778842926025
702,Anomaly,2,1,0.47028088569641113
703,Anomaly,2,1,0.47042298316955566
704,Anomaly,2,1,0.4215843677520752
705,Normal,2,1,0.47206950187683105
706,Normal,2,1,0.46595287322998047
707,Normal,2,1,0.45798802375793457
708,Normal,2,1,0.4694962501525879
709,Anomaly,2,1,0.40535807609558105
710,Anomaly,2,1,0.4919164180755615
711,Normal,2,1,0.4644813537597656
712,Normal,2,1,0.5611839294433594
713,Normal,2,1,0.4568819999694824
714,Normal,2,1,0.45847535133361816
715,Normal,2,1,0.4836549758911133
716,Normal,2,1,0.4748544692993164
717,Normal,2,1,0.43028736114501953
718,Normal,2,1,0.5019972324371338
719,Normal,2,1,0.5240356922149658
720,Normal,2,1,0.46320295333862305
721,Anomaly,2,1,0.47660398483276367
722,Normal,2,1,0.4522378444671631
723,Normal,2,1,0.5020191669464111
724,Normal,2,1,0.463787317276001
725,Normal,2,1,0.48385000228881836
726,Normal,2,1,0.45813918113708496
727,Normal,2,1,0.4704873561859131
728,Anomaly,2,1,0.48413515090942383
729,Normal,2,1,0.4739205837249756
730,Anomaly,2,1,0.4549391269683838
731,Normal,2,1,0.4672865867614746
732,Normal,2,1,0.48199939727783203
733,Anomaly,2,1,0.46387815475463867
734,Normal,2,1,0.4328649044036865
735,Normal,2,1,0.480114221572876
736,Normal,2,1,0.464191198348999
737,Normal,2,1,0.41884756088256836
738,Normal,2,1,0.4773886203765869
739,Normal,2,1,0.4658520221710205
740,Normal,2,1,0.4627830982208252
741,Normal,2,1,0.46179962158203125
742,Normal,2,1,0.4605064392089844
743,Normal,2,1,0.4911959171295166
744,Normal,2,1,0.4720895290374756
745,Normal,2,1,0.4644501209259033
746,Normal,2,1,0.5096392631530762
747,Normal,2,1,0.4697897434234619
748,Normal,2,1,0.4708073139190674
749,Normal,2,1,0.4306299686431885
750,Normal,2,1,0.4193384647369385
751,Normal,2,1,0.4214005470275879
752,Normal,2,1,0.43851566314697266
753,Normal,2,1,0.469879150390625
754,Normal,2,1,0.4715614318847656
755,Normal,2,1,0.4283890724182129
756,Normal,2,1,0.4692404270172119
757,Normal,2,1,0.4707953929901123
758,Normal,2,1,0.5385382175445557
759,Normal,2,1,0.461270809173584
760,Normal,2,1,0.455935001373291
761,Normal,2,1,0.45682787895202637
762,Normal,2,1,0.4766075611114502
763,Normal,2,1,0.5433659553527832
764,Normal,2,1,0.4803164005279541
765,Normal,2,1,0.45281338691711426
766,Normal,2,1,0.43970179557800293
767,Normal,2,1,0.4671158790588379
768,Anomaly,2,1,0.4756040573120117
769,Anomaly,2,1,0.45274829864501953
770,Normal,2,1,0.42548322677612305
771,Normal,2,1,0.4198586940765381
772,Normal,2,1,0.48577451705932617
773,Normal,2,1,0.45978426933288574
774,Normal,2,1,0.46597790718078613
775,Normal,2,1,0.4566926956176758
776,Normal,2,1,0.4121527671813965
777,Anomaly,2,1,0.4200749397277832
778,Normal,2,1,0.41374731063842773
779,Anomaly,2,1,0.4826998710632324
780,Anomaly,2,1,0.4682004451751709
781,Normal,2,1,0.4652290344238281
782,Normal,2,1,0.45902299880981445
783,Normal,2,1,0.46724843978881836
784,Anomaly,2,1,0.4915812015533447
785,Normal,2,1,0.4547903537750244
786,Normal,2,1,0.46074390411376953
787,Anomaly,2,1,0.45531153678894043
788,Normal,2,1,0.4623856544494629
789,Normal,2,1,0.4586985111236572
790,Normal,2,1,0.4287850856781006
791,Normal,2,1,0.48157596588134766
792,Normal,2,1,0.45710015296936035
793,Normal,2,1,0.4598515033721924
794,Normal,2,1,0.4647698402404785
795,Normal,2,1,0.4742751121520996
796,Normal,2,1,0.4664783477783203
797,Normal,2,1,0.5598430633544922
798,Anomaly,2,1,0.43518638610839844
799,Normal,2,1,0.4816477298736572
800,Normal,2,1,0.5372376441955566
801,Normal,2,1,0.4787604808807373
802,Normal,2,1,0.4210672378540039
803,Normal,2,1,0.43451976776123047
804,Normal,2,1,0.4739515781402588
805,Normal,2,1,0.46195363998413086
806,Anomaly,2,1,0.5338132381439209
807,Normal,2,1,0.465989351272583
808,Normal,2,1,0.4652442932128906
809,Normal,2,1,0.46212267875671387
810,Normal,2,1,0.4974510669708252
811,Normal,2,1,0.47840237617492676
812,Normal,2,1,0.4601404666900635
813,Normal,2,1,0.41922616958618164
814,Normal,2,1,0.466646671295166
815,Normal,2,1,0.4107520580291748
816,Normal,2,1,0.43053722381591797
817,Normal,2,1,0.45979762077331543
818,Normal,2,1,0.4651985168457031
819,Normal,2,1,0.4603121280670166
820,Normal,2,1,0.4670891761779785
821,Normal,2,1,0.4353771209716797
822,Anomaly,2,1,0.41101694107055664
823,Normal,2,1,0.4223814010620117
824,Normal,2,1,0.4145851135253906
825,Normal,2,1,0.4751405715942383
826,Normal,2,1,0.4677622318267822
827,Normal,2,1,0.45949697494506836
828,Normal,2,1,0.4743180274963379
829,Normal,2,1,0.4946258068084717
830,Normal,2,1,0.47361302375793457
831,Normal,2,1,0.45509839057922363
832,Normal,2,1,0.42595815658569336
833,Normal,2,1,0.48336338996887207
834,Normal,2,1,0.4176509380340576
835,Normal,2,1,0.43038177490234375
836,Normal,2,1,0.41358304023742676
837,Anomaly,2,1,0.4744729995727539
838,Anomaly,2,1,0.467714786529541
839,Normal,2,1,0.4634850025177002
840,Anomaly,2,1,0.46773743629455566
841,Normal,2,1,0.4389212131500244
842,Normal,2,1,0.469402551651001
843,Normal,2,1,0.46726393699645996
844,Anomaly,2,1,0.4660625457763672
845,Normal,2,1,0.4479711055755615
846,Normal,2,1,0.4650602340698242
847,Normal,2,1,0.42942285537719727
848,Normal,2,1,0.4249436855316162
849,Normal,2,1,0.4145028591156006
850,Normal,2,1,0.4873201847076416
851,Normal,2,1,0.45631980895996094
852,Normal,2,1,0.4650089740753174
853,Normal,2,1,0.4472076892852783
854,Normal,2,1,0.4653782844543457
855,Normal,2,1,0.4701235294342041
856,Normal,2,1,0.48300838470458984
857,Normal,2,1,0.3880655765533447
858,Normal,2,1,0.40651774406433105
859,Anomaly,2,1,0.4140431880950928
860,Normal,2,1,0.4763610363006592
861,Normal,2,1,0.4568607807159424
862,Normal,2,1,0.46224498748779297
863,Normal,2,1,0.5308284759521484
864,Normal,2,1,0.4794883728027344
865,Normal,2,1,0.5307705402374268
866,Normal,2,1,0.4762110710144043
867,Anomaly,2,1,0.46126699447631836
868,Normal,2,1,0.47315001487731934
869,Normal,2,1,0.47313857078552246
870,Normal,2,1,0.4658968448638916
871,Normal,2,1,0.4967823028564453
872,Normal,2,1,0.47010278701782227
873,Normal,2,1,0.46372056007385254
874,Normal,2,1,0.45971107482910156
875,Normal,2,1,0.45537400245666504
876,Normal,2,1,0.4628775119781494
877,Normal,2,1,0.4600791931152344
878,Anomaly,2,1,0.4818148612976074
879,Normal,2,1,0.46240973472595215
880,Normal,2,1,0.4607367515563965
881,Normal,2,1,0.4591224193572998
882,Normal,2,1,0.4591083526611328
883,Anomaly,2,1,0.45898866653442383
884,Normal,2,1,0.45740747451782227
885,Anomaly,2,1,0.45871877670288086
886,Anomaly,2,1,0.43387699127197266
887,Normal,2,1,0.4232029914855957
888,Normal,2,1,0.42792439460754395
889,Normal,2,1,0.4906914234161377
890,Normal,2,1,0.46263599395751953
891,Normal,2,1,0.4570794105529785
892,Normal,2,1,0.4505493640899658
893,Normal,2,1,0.4668703079223633
894,Anomaly,2,1,0.4605824947357178
895,Normal,2,1,0.46714138984680176
896,Anomaly,2,1,0.4731447696685791
897,Normal,2,1,0.4599642753601074
898,Normal,2,1,0.4727745056152344
899,Normal,2,1,0.4579019546508789
900,Normal,2,1,0.4562661647796631
901,Normal,2,1,0.4330606460571289
902,Normal,2,1,0.4232776165008545
903,Anomaly,2,1,0.4791755676269531
904,Normal,2,1,0.46392083168029785
905,Normal,2,1,0.4503052234649658
906,Normal,2,1,0.4698450565338135
907,Normal,2,1,0.5309014320373535
908,Normal,2,1,0.4865591526031494
909,Normal,2,1,0.4535367488861084
910,Normal,2,1,0.4813809394836426
911,Anomaly,2,1,0.4791750907897949
912,Normal,2,1,0.5373306274414062
913,Normal,2,1,0.5681066513061523
914,Normal,2,1,0.5009822845458984
915,Normal,2,1,0.5943007469177246
916,Normal,2,1,0.5459592342376709
917,Normal,2,1,0.47509074211120605
918,Normal,2,1,0.46242237091064453
919,Normal,2,1,0.45476317405700684
920,Normal,2,1,0.45897483825683594
921,Normal,2,1,0.49286770820617676
922,Normal,2,1,0.4787280559539795
923,Normal,2,1,0.4487900733947754
924,Normal,2,1,0.46506285667419434
925,Normal,2,1,0.41843485832214355
926,Normal,2,1,0.46288537979125977
927,Normal,2,1,0.4636673927307129
928,Normal,2,1,0.4692850112915039
929,Normal,2,1,0.4586608409881592
930,Anomaly,2,1,0.4547717571258545
931,Normal,2,1,0.50494384765625
932,Anomaly,2,1,0.5589170455932617
933,Normal,2,1,0.5540876388549805
934,Normal,2,1,0.5488123893737793
935,Normal,2,1,0.5664238929748535
936,Normal,2,1,0.5538294315338135
937,Normal,2,1,0.5730319023132324
938,Normal,2,1,0.537705659866333
939,Normal,2,1,0.5485918521881104
940,Normal,2,1,0.463763952255249
941,Anomaly,2,1,0.45742130279541016
942,Normal,2,1,0.4586961269378662
943,Normal,2,1,0.4674031734466553
944,Normal,2,1,0.4838893413543701
945,Normal,2,1,0.4683568477630615
946,Normal,2,1,0.4580528736114502
947,Normal,2,1,0.46877026557922363
948,Normal,2,1,0.4208836555480957
949,Normal,2,1,0.41825079917907715
950,Normal,2,1,0.41828274726867676
951,Anomaly,2,1,0.47345900535583496
952,Anomaly,2,1,0.46686506271362305
953,Normal,2,1,0.42924022674560547
954,Normal,2,1,0.487593412399292
955,Normal,2,1,0.4684731960296631
956,Normal,2,1,0.46223020553588867
957,Normal,2,1,0.4638848304748535
958,Normal,2,1,0.4635467529296875
959,Normal,2,1,0.4587891101837158
960,Normal,2,1,0.4695699214935303
961,Normal,2,1,0.5520486831665039
962,Normal,2,1,0.42404747009277344
963,Anomaly,2,1,0.4919257164001465
964,Anomaly,2,1,0.45806884765625
965,Normal,2,1,0.455258846282959
966,Normal,2,1,0.46103739738464355
967,Normal,2,1,0.4765205383300781
968,Anomaly,2,1,0.4625663757324219
969,Normal,2,1,0.41820526123046875
970,Normal,2,1,0.47156691551208496
971,Normal,2,1,0.4623377323150635
972,Anomaly,2,1,0.45939016342163086
973,Normal,2,1,0.4555089473724365
974,Normal,2,1,0.45984673500061035
975,Normal,2,1,0.4620664119720459
976,Normal,2,1,0.4160013198852539
977,Normal,2,1,0.47764062881469727
978,Normal,2,1,0.46086812019348145
979,Normal,2,1,0.47605228424072266
980,Normal,2,1,0.4129478931427002
981,Normal,2,1,0.49406003952026367
982,Anomaly,2,1,0.4653780460357666
983,Normal,2,1,0.46611523628234863
984,Normal,2,1,0.42255496978759766
985,Normal,2,1,0.464860200881958
986,Normal,2,1,0.46921801567077637
987,Anomaly,2,1,0.45664048194885254
988,Normal,2,1,0.4611847400665283
989,Normal,2,1,0.45782923698425293
990,Normal,2,1,0.43555331230163574
991,Normal,2,1,0.47109103202819824
992,Normal,2,1,0.4637439250946045
993,Normal,2,1,0.46035194396972656
994,Normal,2,1,0.46290087699890137
995,Normal,2,1,0.45952510833740234
996,Normal,2,1,0.4656195640563965
997,Normal,2,1,0.4615044593811035
998,Normal,2,1,0.4637124538421631
999,Normal,2,1,0.4553542137145996
1000,Normal,2,1,0.4589815139770508
1001,Normal,2,1,0.4686431884765625
1002,Normal,2,1,0.49100327491760254
1003,Normal,2,1,0.48033690452575684
1004,Normal,2,1,0.4298837184906006
1005,Normal,2,1,0.4120924472808838
1006,Normal,2,1,0.46573376655578613
1007,Normal,2,1,0.4275219440460205
1008,Normal,2,1,0.4047873020172119
1009,Normal,2,1,0.46166133880615234
1010,Normal,2,1,0.46196603775024414
1011,Normal,2,1,0.4623534679412842
1012,Normal,2,1,0.4656848907470703
1013,Normal,2,1,0.46331095695495605
1014,Normal,2,1,0.49198055267333984
1015,Normal,2,1,0.48073816299438477
1016,Normal,2,1,0.42263269424438477
1017,Anomaly,2,1,0.48264169692993164
1018,Anomaly,2,1,0.4684104919433594
1019,Normal,2,1,0.46866679191589355
1020,Anomaly,2,1,0.46503281593322754
1021,Anomaly,2,1,0.5231220722198486
1022,Anomaly,2,1,0.4765019416809082
1023,Anomaly,2,1,0.4594755172729492
1024,Anomaly,2,1,0.4688394069671631
1025,Anomaly,2,1,0.4789619445800781
1026,Anomaly,2,1,0.46943140029907227
1027,Normal,2,1,0.46421146392822266
1028,Normal,2,1,0.46699070930480957
1029,Normal,2,1,0.415355920791626
1030,Normal,2,1,0.483123779296875
1031,Normal,2,1,0.46747922897338867
1032,Normal,2,1,0.4132399559020996
1033,Anomaly,2,1,0.41552734375
1034,Anomaly,2,1,0.4177591800689697
1035,Anomaly,2,1,0.48696064949035645
1036,Normal,2,1,0.45971179008483887
1037,Anomaly,2,1,0.46271514892578125
1038,Anomaly,2,1,0.49895620346069336
1039,Normal,2,1,0.44623470306396484
1040,Anomaly,2,1,0.46762561798095703
1041,Anomaly,2,1,0.4552602767944336
1042,Normal,2,1,0.48619532585144043
1043,Normal,2,1,0.4648134708404541
1044,Anomaly,2,1,0.46961164474487305
1045,Anomaly,2,1,0.45955371856689453
1046,Normal,2,1,0.4855372905731201
1047,Anomaly,2,1,0.46765613555908203
1048,Normal,2,1,0.46780967712402344
1049,Anomaly,2,1,0.4884481430053711
1050,Anomaly,2,1,0.4730207920074463
1051,Normal,2,1,0.46106600761413574
1052,Normal,2,1,0.4692575931549072
1053,Normal,2,1,0.47754979133605957
1054,Anomaly,2,1,0.4673612117767334
1055,Anomaly,2,1,0.5516140460968018
1056,Normal,2,1,0.46718668937683105
1057,Normal,2,1,0.4322059154510498
1058,Normal,2,1,0.403989315032959
1059,Normal,2,1,0.4648268222808838
1060,Anomaly,2,1,0.4773828983306885
1061,Normal,2,1,0.4176614284515381
1062,Normal,2,1,0.4163246154785156
1063,Normal,2,1,0.4716527462005615
1064,Normal,2,1,0.4700508117675781
1065,Normal,2,1,0.44936466217041016
1066,Normal,2,1,0.4335596561431885
1067,Normal,2,1,0.47486042976379395
1068,Normal,2,1,0.4638998508453369
1069,Normal,2,1,0.4672868251800537
1070,Normal,2,1,0.4680037498474121
1071,Normal,2,1,0.4489314556121826
1072,Normal,2,1,0.4699277877807617
1073,Normal,2,1,0.4112579822540283
1074,Normal,2,1,0.4827547073364258
1075,Normal,2,1,0.4741401672363281
1076,Normal,2,1,0.422119140625
1077,Normal,2,1,0.4806175231933594
1078,Normal,2,1,0.47225427627563477
1079,Normal,2,1,0.45485377311706543
1080,Normal,2,1,0.4056274890899658
1081,Normal,2,1,0.412158727645874
1082,Normal,2,1,0.49648237228393555
1083,Normal,2,1,0.43587613105773926
1084,Normal,2,1,0.4650003910064697
1085,Anomaly,2,1,0.46253490447998047
1086,Normal,2,1,0.4322624206542969
1087,Normal,2,1,0.4910392761230469
1088,Anomaly,2,1,0.46820616722106934
1089,Anomaly,2,1,0.46471476554870605
1090,Anomaly,2,1,0.49560022354125977
1091,Anomaly,2,1,0.3885006904602051
1092,Anomaly,2,1,0.49195027351379395
1093,Anomaly,2,1,0.4574546813964844
1094,Anomaly,2,1,0.461883544921875
1095,Anomaly,2,1,0.4783782958984375
1096,Normal,2,1,0.4725675582885742
1097,Anomaly,2,1,0.46838808059692383
1098,Anomaly,2,1,0.4143204689025879
1099,Anomaly,2,1,0.47147202491760254
1100,Anomaly,2,1,0.46919870376586914
1101,Normal,2,1,0.4775247573852539
1102,Anomaly,2,1,0.4685244560241699
1103,Anomaly,2,1,0.4809544086456299
1104,Anomaly,2,1,0.4873688220977783
1105,Normal,2,1,0.4729580879211426
1106,Normal,2,1,0.49816012382507324
1107,Anomaly,2,1,0.47861409187316895
1108,Anomaly,2,1,0.4953436851501465
1109,Anomaly,2,1,0.4951457977294922
1110,Anomaly,2,1,0.47563648223876953
1111,Anomaly,2,1,0.4560692310333252
1112,Normal,2,1,0.4976158142089844
1113,Normal,2,1,0.4784102439880371
1114,Normal,2,1,0.5072228908538818
1115,Anomaly,2,1,0.47333860397338867
1116,Anomaly,2,1,0.5317764282226562
1117,Anomaly,2,1,0.4662437438964844
1118,Anomaly,2,1,0.4731025695800781
1119,Normal,2,1,0.4694061279296875
1120,Normal,2,1,0.4673635959625244
1121,Anomaly,2,1,0.46677613258361816
1122,Normal,2,1,0.46347546577453613
1123,Normal,2,1,0.3634321689605713
